City_ID,City,Lat,Lng,Max Temp,Humidity,Cloudiness,Wind Speed,Country,Date
0,ushuaia,-54.8,-68.3,9.81,50,0,10.8,AR,1702227977
1,albany,42.6001,-73.9662,13.18,88,100,0.89,US,1702228135
2,manokwari,-0.8667,134.0833,26.25,82,92,4.26,ID,1702228206
3,adamstown,-25.066,-130.1015,21.02,62,75,5.24,PN,1702228206
4,fuyang,32.9,115.8167,3.04,87,100,6.88,CN,1702228207
5,kirakira,-10.4544,161.9205,25.25,91,100,1.63,SB,1702228207
6,bredasdorp,-34.5322,20.0403,18.89,65,0,6.32,ZA,1702228207
7,shchigry,51.8755,36.9043,-6.1,95,100,4.88,RU,1702228207
8,college,64.8569,-147.8028,-20.61,77,75,0.0,US,1702228208
9,west island,-12.1568,96.8225,25.99,83,36,4.63,CC,1702228135
10,cruzeiro do sul,-29.5128,-51.9853,22.51,90,100,1.65,BR,1702228208
11,nuuk,64.1835,-51.7216,-1.66,74,40,1.03,GL,1702228160
12,port alfred,-33.5906,26.891,17.88,86,47,0.45,ZA,1702228208
13,gorodishche,48.8045,44.4744,-5.51,73,40,9.0,RU,1702228209
14,duluth,46.7833,-92.1066,-3.02,75,100,5.14,US,1702228209
15,ribeira grande,38.5167,-28.7,18.76,72,40,9.26,PT,1702228209
16,o barco de valdeorras,42.4164,-6.9901,17.84,92,100,2.09,ES,1702228210
17,blackmans bay,-43.0167,147.3167,10.41,78,95,0.45,AU,1702228210
18,papatowai,-46.5619,169.4708,5.9,85,38,3.47,NZ,1702228155
19,dampit,-8.2116,112.7493,22.57,93,100,0.58,ID,1702228210
20,cabo san lucas,22.8909,-109.9124,27.09,62,0,2.06,MX,1702228160
21,vangaindrano,-23.35,47.6,25.37,87,41,2.9,MG,1702228211
22,hamilton,39.1834,-84.5333,3.92,75,100,4.63,US,1702228108
23,george town,5.4112,100.3354,27.96,89,20,0.0,MY,1702228130
24,mount pleasant,32.7941,-79.8626,24.0,85,40,6.69,US,1702228141
25,san pedro,14.35,121.0167,26.86,89,91,1.79,PH,1702228211
26,hirara,24.8,125.2833,24.37,76,81,5.87,JP,1702228211
27,karratha,-20.7377,116.8463,27.8,50,2,2.7,AU,1702228212
28,hawaiian paradise park,19.5933,-154.9731,23.35,97,100,2.57,US,1702228212
29,nema,57.5067,50.5011,-26.0,98,80,1.76,RU,1702228212
30,grytviken,-54.2811,-36.5092,7.21,79,100,6.51,GS,1702228136
31,chonchi,-42.6128,-73.8092,18.56,64,90,1.48,CL,1702228212
32,ubata,-14.2139,-39.5228,33.62,36,78,3.66,BR,1702228212
33,port-aux-francais,-49.35,70.2167,3.32,75,23,10.78,TF,1702228213
34,yellowknife,62.456,-114.3525,-10.33,100,100,4.02,CA,1702228213
35,nar'yan-mar,67.6713,53.087,-22.72,91,98,4.92,RU,1702228213
36,whitehorse,60.7161,-135.0538,-17.33,79,68,1.79,CA,1702228213
37,edinburgh of the seven seas,-37.0676,-12.3116,13.25,68,100,6.04,SH,1702228163
38,atafu village,-8.5421,-172.5159,28.67,78,100,6.22,TK,1702228213
39,isafjordur,66.0755,-23.124,-4.98,86,20,1.54,IS,1702228214
40,mejit,10.2753,170.8646,27.24,77,88,10.47,MH,1702228214
41,malango,-2.9627,119.9001,20.52,97,100,0.62,ID,1702228214
42,muncar,-8.4333,114.3333,25.06,86,99,1.75,ID,1702228214
43,sinabang,2.4803,96.3801,26.24,85,77,1.91,ID,1702228214
44,north shore,-36.8,174.75,14.89,81,98,0.45,NZ,1702228215
45,avarua,-21.2078,-159.775,25.03,88,100,10.8,CK,1702228215
46,isla vista,34.4133,-119.861,19.45,40,0,0.0,US,1702228215
47,bilibino,68.0546,166.4372,-26.42,100,73,1.71,RU,1702228215
48,luderitz,-26.6481,15.1594,21.61,57,3,13.2,NA,1702228171
49,bethel,41.3712,-73.414,13.84,88,100,3.6,US,1702228204
50,ola,59.5833,151.2833,-2.14,80,100,10.25,RU,1702228149
51,afaahiti,-17.75,-149.2833,26.93,84,86,11.18,PF,1702228216
52,lebu,-37.6167,-73.65,15.86,68,100,9.31,CL,1702228145
53,nyurba,63.2842,118.3319,-27.77,98,100,2.49,RU,1702228216
54,waitangi,-43.9535,-176.5597,10.46,58,34,4.99,NZ,1702228165
55,khandyga,62.6667,135.6,-33.65,98,100,1.53,RU,1702228216
56,pimentel,-6.8367,-79.9342,27.16,57,0,6.69,PE,1702228217
57,turtas,58.9417,69.1325,-29.6,95,23,2.81,RU,1702228217
58,tralee,52.2704,-9.7026,11.14,82,100,15.43,IE,1702228042
59,turinskaya sloboda,57.6232,64.3858,-31.75,98,12,2.34,RU,1702228217
60,la ronge,55.1001,-105.2842,-12.86,78,20,2.57,CA,1702227926
61,keflavik,64.0049,-22.5624,1.24,80,75,1.54,IS,1702228217
62,embarcacion,-23.209,-64.096,20.43,97,100,2.83,AR,1702228217
63,knyaze-volkonskoye,48.4642,135.4567,-22.18,61,15,7.6,RU,1702228218
64,lihue,21.9789,-159.3672,23.77,80,20,4.63,US,1702228134
65,punta arenas,-53.15,-70.9167,12.06,32,20,10.8,CL,1702228147
66,vorgashor,67.5833,63.95,-25.57,100,94,2.74,RU,1702228218
67,kruisfontein,-34.0033,24.7314,17.71,76,73,4.1,ZA,1702228218
68,port mathurin,-19.6833,63.4167,26.68,71,45,4.33,MU,1702228194
69,wajir,1.7471,40.0573,30.94,40,70,4.37,KE,1702228219
70,wailua homesteads,22.0669,-159.378,23.44,86,20,4.63,US,1702228219
71,olonkinbyen,70.9221,-8.7187,-5.73,57,14,0.55,SJ,1702228219
72,bogdanovich,56.7803,62.0494,-30.48,99,67,3.08,RU,1702228220
73,invercargill,-46.4,168.35,4.84,87,26,3.1,NZ,1702228017
74,axim,4.8699,-2.2405,28.4,74,75,4.4,GH,1702228220
75,iskateley,67.6803,53.1512,-22.77,91,98,4.92,RU,1702228217
76,san juan de miraflores,-12.1629,-76.9635,22.29,73,39,3.93,PE,1702228220
77,puerto natales,-51.7236,-72.4875,11.25,62,75,6.17,CL,1702228220
78,puerto ayora,-0.7393,-90.3518,28.98,76,64,4.42,EC,1702228221
79,mil'kovo,55.6078,37.7956,-9.25,94,100,5.37,RU,1702228221
80,murashi,59.3999,48.9615,-23.95,97,99,2.74,RU,1702228221
81,phalodi,27.1333,72.3667,19.06,22,5,0.63,IN,1702228221
82,klaksvik,62.2266,-6.589,7.51,94,100,13.95,FO,1702228222
83,talnakh,69.4865,88.3972,-29.33,99,100,3.97,RU,1702228222
84,tura,25.5198,90.2201,14.3,53,0,1.3,IN,1702228163
85,rongelap,11.1635,166.8941,26.87,81,86,8.27,MH,1702228222
86,iqaluit,63.7506,-68.5145,-5.15,85,100,4.12,CA,1702228162
87,ilulissat,69.2167,-51.1,-3.99,74,100,10.8,GL,1702228223
88,mount isa,-20.7333,139.5,25.87,44,99,5.66,AU,1702228223
89,kone,-21.0595,164.8658,22.1,77,100,2.21,NC,1702228178
90,bazas,44.432,-0.2133,15.35,100,100,3.1,FR,1702228224
91,kasson,44.03,-92.7507,-4.71,86,100,5.14,US,1702227998
92,tete,-16.1564,33.5867,35.28,27,98,1.74,MZ,1702228224
93,nagato,34.3833,131.2,15.4,85,100,1.71,JP,1702228224
94,st. john's,47.5649,-52.7093,3.15,80,41,2.24,CA,1702228224
95,castillos,-34.1667,-53.8333,21.95,62,72,4.41,UY,1702228225
96,roma,43.2128,-75.4557,12.63,94,100,4.63,US,1702227965
97,rio grande,-32.035,-52.0986,25.06,82,99,8.36,BR,1702228226
98,ar ruways,24.1103,52.7306,23.21,61,12,2.77,AE,1702228226
99,dean funes,-30.4204,-64.3498,28.67,29,0,5.74,AR,1702228001
100,olinda,-8.0089,-34.8553,29.85,62,40,4.12,BR,1702228226
101,alice springs,-23.7,133.8833,9.75,93,16,2.57,AU,1702228153
102,misratah,32.3754,15.0925,19.0,64,37,9.82,LY,1702228227
103,togur,58.3631,82.8265,-31.59,99,46,2.24,RU,1702228227
104,salinas,36.6777,-121.6555,14.17,53,0,3.09,US,1702228003
105,colonia,50.9333,6.95,11.09,67,20,6.17,DE,1702228041
106,mersa matruh,31.3525,27.2453,18.65,40,36,2.02,EG,1702228229
107,richards bay,-28.783,32.0377,20.34,95,100,4.59,ZA,1702228229
108,port blair,11.6667,92.75,26.97,77,73,2.33,IN,1702228057
109,thunder bay,48.4001,-89.3168,-4.83,64,35,5.04,CA,1702228133
110,georgetown,5.4112,100.3354,27.96,89,20,0.0,MY,1702228130
111,pskov,57.8136,28.3496,-7.05,93,100,3.13,RU,1702228230
112,san patricio,28.017,-97.5169,14.94,25,0,7.06,US,1702228230
113,usinsk,65.9939,57.5281,-28.85,100,100,0.45,RU,1702228230
114,urengoy,65.9667,78.3667,-38.76,100,59,2.38,RU,1702228231
115,mumbwa,-14.9783,27.0619,26.77,43,92,1.05,ZM,1702228231
116,talakan,50.3167,130.3667,-25.59,93,26,3.1,RU,1702228232
117,san antonio oeste,-40.7319,-64.9477,29.21,18,0,3.67,AR,1702228127
118,hotan,37.0997,79.9269,6.2,20,0,3.65,CN,1702228232
119,kayangel,8.0823,134.7173,28.53,79,89,6.9,PW,1702228232
120,sandnessjoen,66.0217,12.6316,-0.88,59,0,1.54,NO,1702228233
121,penhalonga,-18.8911,32.6978,22.52,56,77,1.57,ZW,1702228233
122,stanley,54.868,-1.6985,5.77,96,75,2.57,GB,1702228233
123,kanniyakumari,8.0833,77.5667,27.24,82,48,7.52,IN,1702228234
124,laojunmiao,39.8333,97.7333,-5.06,58,84,1.25,CN,1702228234
125,gillette,44.2911,-105.5022,3.36,42,99,2.68,US,1702228234
126,xianning,29.8833,114.2167,11.72,89,100,4.29,CN,1702228235
127,thompson,55.7435,-97.8558,-18.78,89,14,0.55,CA,1702228140
128,port elizabeth,-33.918,25.5701,19.06,79,25,2.24,ZA,1702228235
129,enewetak,11.3474,162.3373,27.61,73,80,7.75,MH,1702228235
130,fale old settlement,-9.3852,-171.2468,26.81,84,100,5.37,TK,1702228237
131,colares,38.7992,-9.4469,18.55,97,75,4.02,PT,1702228237
132,yuncheng,35.0231,110.9928,0.11,97,100,1.22,CN,1702228237
133,vinchia,22.2,71.3667,21.52,42,4,3.02,IN,1702228237
134,winnemucca,40.973,-117.7357,-1.97,69,0,2.06,US,1702228102
135,smara,26.7384,-11.6719,27.62,19,100,5.69,EH,1702228238
136,hilo,19.7297,-155.09,23.47,97,100,2.57,US,1702228238
137,tabuk,17.4189,121.4443,22.9,84,17,1.01,PH,1702228239
138,aasiaat,68.7098,-52.8699,-5.83,95,100,7.04,GL,1702228239
139,nemuro,43.3236,145.575,-1.07,58,23,7.11,JP,1702228239
140,guercif,34.2257,-3.3536,20.8,37,9,1.11,MA,1702228239
141,guangzhou,23.1167,113.25,23.26,76,8,2.88,CN,1702228025
142,susuman,62.7833,148.1667,-13.34,93,100,0.45,RU,1702228233
143,tofol,5.3248,163.0078,27.76,79,78,6.8,FM,1702228238
144,abbeville,50.1,1.8333,13.47,91,100,9.33,FR,1702228240
145,udachny,66.4167,112.4,-29.2,74,100,4.54,RU,1702228240
146,uturoa,-16.7333,-151.4333,26.7,81,64,8.75,PF,1702228240
147,riachao das neves,-11.7461,-44.91,32.87,37,52,2.26,BR,1702228240
148,qaqortoq,60.7167,-46.0333,-7.33,73,91,1.82,GL,1702228226
149,san antonio de pale,-1.4014,5.6325,27.59,78,96,5.81,GQ,1702228240
150,tyrnyauz,43.3828,42.9183,1.4,79,98,3.82,RU,1702228241
151,selfoss,63.9331,-20.9971,-2.75,79,53,2.77,IS,1702228241
152,pacasmayo,-7.4006,-79.5714,23.13,71,11,5.25,PE,1702228241
153,palmer,42.1584,-72.3287,14.58,81,100,0.0,US,1702228241
154,lockwood,45.8191,-108.4149,6.94,41,75,6.69,US,1702228242
155,alofi,-19.0595,-169.9187,25.97,76,100,10.36,NU,1702228242
156,kachug,53.9606,105.8817,-35.23,100,18,0.28,RU,1702228242
157,yoichi,43.2039,140.7703,-2.39,81,100,10.0,JP,1702228242
158,ashland,40.8167,-82.2665,2.98,87,100,4.71,US,1702228067
159,gadzhiyevo,69.2551,33.3362,-11.15,84,100,8.57,RU,1702228242
160,zhezqazghan,47.7833,67.7667,-15.72,46,99,5.36,KZ,1702228242
161,chachersk,52.9164,30.9179,-4.05,96,100,3.27,BY,1702228243
162,jamestown,42.097,-79.2353,5.77,91,100,4.12,US,1702228115
163,mogocha,53.7333,119.7667,-33.71,96,5,1.45,RU,1702228243
164,fort mcmurray,56.7268,-111.381,-3.12,66,98,2.97,CA,1702228243
165,constantia,44.1833,28.65,0.38,80,98,4.02,RO,1702228243
166,hastings,50.8552,0.5729,12.21,90,81,11.32,GB,1702228243
167,kolosovka,56.4678,73.611,-32.18,100,99,2.31,RU,1702228243
168,az zuwaytinah,30.9522,20.1202,16.55,67,16,3.15,LY,1702228244
169,zhatay,62.1594,129.8294,-34.97,68,0,4.0,RU,1702228244
170,nishinoomote,30.7333,131.0,19.2,83,100,7.9,JP,1702228244
171,kailua-kona,19.6406,-155.9956,23.66,74,0,1.79,US,1702228122
172,lebedyan',53.0194,39.1664,-8.0,95,100,5.37,RU,1702228244
173,longyearbyen,78.2186,15.6401,-1.09,74,75,5.14,SJ,1702228244
174,lakatoro,-16.0999,167.4164,24.71,77,100,5.57,VU,1702228245
175,porto novo,6.4965,2.6036,29.27,67,29,3.82,BJ,1702228245
176,walvis bay,-22.9575,14.5053,17.27,81,19,5.42,NA,1702228245
177,sakakah,29.9697,40.2064,17.76,47,99,6.45,SA,1702228245
178,sur,22.5667,59.5289,23.83,51,0,2.15,OM,1702228245
179,kismayo,-0.3582,42.5454,27.59,77,91,6.19,SO,1702228245
180,poronaysk,49.2167,143.1167,-15.59,80,30,3.7,RU,1702228157
181,aykhal,66.0,111.5,-28.63,99,100,1.76,RU,1702228246
182,abepura,-2.6333,140.5833,24.45,88,40,2.06,ID,1702228218
183,horsham,51.064,-0.3272,11.68,84,20,5.66,GB,1702228021
184,sodo,6.8642,37.7628,17.52,57,42,0.91,ET,1702228246
185,ust-nera,64.5667,143.2,-17.03,98,100,3.45,RU,1702228142
186,loango,-4.6719,11.8312,27.5,78,91,4.02,CG,1702228246
187,kyshtovka,56.555,76.6271,-27.03,100,93,1.34,RU,1702228247
188,igarka,67.4667,86.5833,-34.82,98,100,2.35,RU,1702228247
189,berezovyy,51.6667,135.7,-23.2,67,6,3.93,RU,1702228247
190,naze,28.3667,129.4833,21.03,83,79,5.51,JP,1702228247
191,bukittinggi,-0.3091,100.3706,18.99,98,99,0.45,ID,1702228248
192,talcahuano,-36.7167,-73.1167,17.29,62,100,6.24,CL,1702228248
193,richmond hill,43.8711,-79.4372,5.44,75,100,5.07,CA,1702228082
194,cam ranh,11.9214,109.1591,23.98,100,20,1.03,VN,1702228248
195,boca suno,-0.7167,-77.1333,27.77,87,97,1.35,EC,1702228248
196,pervomayskiy,53.2485,40.2871,-8.19,95,100,5.58,RU,1702228248
197,howard springs,-12.497,131.047,28.95,93,94,2.31,AU,1702228167
198,bengkulu,-3.8004,102.2655,24.23,90,100,1.31,ID,1702228249
199,mont-dore,-22.2833,166.5833,19.99,74,100,2.65,NC,1702228199
200,ljungsbro,58.5167,15.5,0.94,90,100,4.12,SE,1702228249
201,naryn,41.4287,75.9911,-7.94,67,100,2.55,KG,1702228249
202,east london,-33.0153,27.9116,18.52,72,86,0.29,ZA,1702228250
203,cidade velha,14.9167,-23.6167,30.26,45,0,7.2,CV,1702228250
204,tsiombe,-25.3,45.4833,25.91,79,37,2.07,MG,1702228250
205,pakuranga,-36.8833,174.9167,14.81,76,40,3.09,NZ,1702228250
206,nouadhibou,20.931,-17.0347,25.99,36,2,4.63,MR,1702228251
207,manaure,11.7751,-72.4445,31.01,57,3,12.03,CO,1702228251
208,kavaratti,10.5669,72.642,28.56,75,83,2.68,IN,1702228251
209,joao pinheiro,-17.7425,-46.1725,34.75,28,10,3.68,BR,1702228179
210,tolanaro,-25.0319,46.9987,25.01,90,12,5.8,MG,1702228251
211,gaalkacyo,6.7697,47.4308,27.11,61,54,8.8,SO,1702228251
212,luau,-10.7073,22.2247,22.83,76,94,2.06,AO,1702228251
213,puerto armuelles,8.2833,-82.8667,31.99,81,15,2.24,PA,1702228251
214,santa maria del rio,21.8,-100.75,13.77,75,100,5.38,MX,1702228251
215,praia da vitoria,38.7333,-27.0667,18.2,91,100,5.43,PT,1702228251
216,bela,25.9333,81.9833,16.89,37,0,2.04,IN,1702228252
217,carnarvon,-24.8667,113.6333,27.35,24,0,7.72,AU,1702228252
218,port moresby,-9.4431,147.1797,24.89,82,94,0.73,PG,1702228252
219,padre bernardo,-15.35,-48.5,35.93,23,40,1.68,BR,1702228252
220,gisborne,-38.6533,178.0042,13.84,85,99,3.05,NZ,1702228252
221,flin flon,54.7682,-101.865,-12.17,90,98,2.09,CA,1702228252
222,cole harbour,44.6724,-63.4751,7.06,89,97,1.79,CA,1702228252
223,egilsstadir,65.2653,-14.3948,-2.05,93,100,0.51,IS,1702228252
224,vilyuchinsk,52.9306,158.4028,1.07,99,100,7.68,RU,1702228252
225,tiksi,71.6872,128.8694,-24.89,99,100,1.49,RU,1702228253
226,fort bragg,35.139,-79.006,23.23,81,100,5.14,US,1702228141
227,mitchell,43.7094,-98.0298,-1.26,86,0,0.0,US,1702228076
228,abu jibeha,11.4562,31.2285,28.39,20,69,3.71,SD,1702228157
229,new norfolk,-42.7826,147.0587,11.07,82,100,1.43,AU,1702228253
230,kodiak,57.79,-152.4072,1.73,93,100,3.6,US,1702228133
231,vadso,70.0744,29.7487,-11.91,85,100,8.23,NO,1702228152
232,kapuskasing,49.4169,-82.4331,-4.95,80,100,7.72,CA,1702228253
233,primorsko-akhtarsk,46.0497,38.1747,3.63,91,100,6.5,RU,1702228253
234,rondonopolis,-16.4708,-54.6356,40.34,25,36,1.57,BR,1702228036
235,namibe,-15.1961,12.1522,24.12,77,28,4.63,AO,1702228154
236,bikenibeu village,1.3673,173.1241,26.98,94,75,2.06,KI,1702228254
237,tahe,52.3333,124.7333,-22.22,60,0,5.28,CN,1702228254
238,christchurch,-43.5333,172.6333,12.17,78,4,3.6,NZ,1702228217
239,santa cruz,-17.8,-63.1667,36.03,41,40,6.17,BO,1702228254
240,brookings,44.3114,-96.7984,-3.0,85,0,1.34,US,1702228254
241,uiju,40.1994,124.5317,-2.63,25,72,6.15,KP,1702228254
242,louis trichardt,-23.0439,29.9032,19.53,87,94,1.36,ZA,1702228254
243,val-d'or,48.1002,-77.7828,3.05,87,75,3.6,CA,1702228254
244,hermiston,45.8404,-119.2895,10.01,89,100,0.0,US,1702228254
245,xam nua,20.4197,104.0439,18.28,94,17,1.13,LA,1702228254
246,yuzhno-kurilsk,44.0306,145.8556,0.76,76,69,6.35,RU,1702228255
247,timbuktu,16.7735,-3.0074,29.02,12,89,4.85,ML,1702228255
248,antofagasta,-23.65,-70.4,21.0,61,97,3.39,CL,1702228255
249,andergrove,-21.0833,149.1833,25.91,76,76,10.68,AU,1702228255
250,itati,-27.2704,-58.2446,29.54,46,60,4.32,AR,1702228255
251,vanimo,-2.6741,141.3028,25.82,91,98,3.68,PG,1702228255
252,suining,30.508,105.5733,13.07,87,81,1.57,CN,1702228255
253,coquimbo,-29.9533,-71.3436,17.46,76,80,4.72,CL,1702228255
254,cidreira,-30.1811,-50.2056,20.98,86,99,9.14,BR,1702228256
255,hami,42.8,93.45,-2.78,83,34,1.9,CN,1702228256
256,sisimiut,66.9395,-53.6735,-4.31,95,100,5.17,GL,1702228256
257,chifeng,42.2683,118.9636,-11.51,35,100,3.06,CN,1702228256
258,fortuna,40.5982,-124.1573,8.19,100,0,2.06,US,1702228256
259,fazilka,30.4,74.0333,15.91,23,4,1.01,IN,1702228256
260,haparanda,65.8355,24.1368,-10.97,94,100,4.65,SE,1702228256
261,lascano,-33.6667,-54.2,22.15,72,56,4.08,UY,1702228227
262,anadyr,64.75,177.4833,-24.72,75,20,5.0,RU,1702228070
263,margaret river,-33.95,115.0667,16.76,47,0,5.82,AU,1702228256
264,tarrafal,15.2833,-23.7667,30.44,68,100,5.39,CV,1702228257
265,tosontsengel,48.7567,98.2839,-25.02,100,93,0.87,MN,1702228257
266,areia branca,-4.9561,-37.1369,30.09,56,60,8.95,BR,1702228257
267,kyathampalle,19.6678,78.5289,19.64,58,2,0.99,IN,1702228257
268,guiuan,11.0333,125.7247,28.02,78,80,6.96,PH,1702228257
269,broshniv-osada,48.9962,24.1975,-4.2,96,95,1.02,UA,1702228257
270,mashhad,36.297,59.6062,10.08,57,0,2.06,IR,1702228257
271,sullana,-4.9039,-80.6853,30.51,43,45,2.73,PE,1702228257
272,hinton,53.4001,-117.5857,-2.83,67,97,3.97,CA,1702228257
273,puerto santa,-8.9906,-78.6456,22.21,74,46,4.41,PE,1702228257
274,maymana,35.9214,64.7836,11.21,35,57,1.4,AF,1702228257
275,badger,64.8,-147.5333,-20.66,70,75,0.0,US,1702228257
276,saipan,15.1355,145.701,27.39,83,75,4.63,MP,1702228258
277,xiulin,29.7167,112.4,5.5,80,100,7.36,CN,1702228258
278,ulsteinvik,62.3432,5.8487,3.07,89,93,3.13,NO,1702228258
279,serhetabat,35.2799,62.3438,14.55,27,40,6.36,TM,1702228258
280,enterprise,36.0252,-115.2419,9.92,22,20,1.34,US,1702228258
281,san pedro pochutla,15.7333,-96.4667,31.84,49,20,2.52,MX,1702228190
282,prado,-17.3411,-39.2208,28.51,63,41,4.5,BR,1702228184
283,iranduba,-3.2847,-60.1861,31.18,53,100,0.17,BR,1702227992
284,mount pearl,47.5166,-52.7813,2.69,80,28,1.34,CA,1702228258
285,dolinsk,47.35,142.8,-9.04,80,80,6.5,RU,1702228259
286,qarqaraly,49.4058,75.4742,-25.49,96,31,0.95,KZ,1702228259
287,saint-philippe,-21.3585,55.7679,25.77,85,98,6.12,RE,1702228259
288,asmar,35.0333,71.3581,10.44,22,78,3.73,AF,1702228259
289,sitka,57.0531,-135.33,1.94,87,40,2.57,US,1702228259
290,sernur,56.9333,49.1536,-24.35,95,100,3.95,RU,1702228259
291,sydney mines,46.2367,-60.2177,6.25,70,83,2.68,CA,1702228259
292,tidjikja,18.5564,-11.4271,28.89,12,92,8.23,MR,1702228259
293,al bawiti,28.3492,28.8659,17.3,37,51,3.42,EG,1702228259
294,kingston,17.997,-76.7936,31.53,62,40,10.29,JM,1702227991
295,kilindoni,-7.9139,39.6668,27.87,73,19,4.04,TZ,1702228259
296,mili,6.0815,171.735,27.6,83,92,7.52,MH,1702228217
297,grand baie,-20.0182,57.5802,26.36,82,100,2.68,MU,1702228045
298,vitali,7.3711,122.2886,25.82,87,72,0.66,PH,1702228260
299,laghouat,33.8,2.8651,15.23,46,19,0.96,DZ,1702228260
300,can tho,10.0333,105.7833,25.99,89,20,2.57,VN,1702228260
301,kudahuvadhoo,2.6708,72.8944,28.43,75,56,1.43,MV,1702228260
302,saint-pierre,-21.3393,55.4781,25.82,78,91,1.54,RE,1702228260
303,paita,-5.0892,-81.1144,24.87,67,19,5.12,PE,1702228260
304,villa gesell,-37.2639,-56.973,21.29,69,1,4.83,AR,1702228260
305,at taj,24.2049,23.2857,15.95,49,0,5.34,LY,1702228261
306,luang prabang,19.8856,102.1347,21.67,96,25,0.49,LA,1702228261
307,kerikeri,-35.2268,173.9474,18.28,90,100,1.72,NZ,1702228261
308,linghai,41.1653,121.3667,-9.18,29,100,6.63,CN,1702228261
309,severo-yeniseyskiy,60.3725,93.0408,-38.57,100,41,0.45,RU,1702228261
310,pandan,14.0453,124.1694,26.06,84,32,2.13,PH,1702228261
311,jiuquan,39.7432,98.5174,-3.38,46,90,1.61,CN,1702228261
312,shenjiamen,29.9576,122.298,14.39,95,68,5.87,CN,1702228261
313,acarau,-2.8856,-40.12,30.12,60,96,8.28,BR,1702228261
314,swakopmund,-22.6833,14.5333,17.21,77,49,2.24,NA,1702228261
315,akureyri,65.6835,-18.0878,-9.23,82,17,1.95,IS,1702228261
316,newman,37.3138,-121.0208,7.86,68,100,0.54,US,1702228216
317,dem'yanovo,60.3511,47.0842,-19.65,90,100,3.54,RU,1702228262
318,wagar,16.1525,36.2032,30.96,22,8,3.75,SD,1702228262
319,hasaki,35.7333,140.8333,12.94,70,95,0.69,JP,1702228262
320,aquitania,5.5197,-72.8875,13.13,81,98,2.04,CO,1702228262
321,hammerfest,70.6634,23.6821,-4.75,63,75,5.66,NO,1702228262
322,monterey,36.2505,-121.2516,10.1,33,95,0.31,US,1702228262
323,trinidad,-14.8333,-64.9,33.99,55,20,3.09,BO,1702228262
324,canitas de felipe pescador,23.6,-102.7167,15.52,39,2,3.75,MX,1702228262
325,yonan-up,37.9089,126.1611,7.55,80,100,6.23,KP,1702228262
326,tazovsky,67.4667,78.7,-31.87,93,62,3.55,RU,1702228145
327,hacienda huancane,-15.8222,-70.8856,13.58,37,53,4.92,PE,1702228262
328,karema,-6.8205,30.4389,22.57,85,100,1.1,TZ,1702228263
329,punta del este,-34.9667,-54.95,25.06,72,20,5.66,UY,1702228263
330,sikonge,-5.6333,32.7667,21.72,79,100,2.17,TZ,1702228263
331,kankan,10.3854,-9.3057,33.62,12,99,2.04,GN,1702228263
332,guanica,17.9716,-66.908,31.65,51,12,7.44,PR,1702228263
333,hannibal,39.7084,-91.3585,0.51,69,40,4.63,US,1702228263
334,east ballina,-28.8667,153.5833,23.85,62,86,4.03,AU,1702228263
335,sarupathar,26.1984,93.8094,16.69,94,9,1.09,IN,1702228043
336,klyuchi,52.2667,79.1667,-20.62,84,21,1.98,RU,1702228263
337,zaozersk,69.4005,32.4476,-12.96,87,99,6.69,RU,1702228263
338,pacific grove,36.6177,-121.9166,13.94,43,0,5.81,US,1702228263
339,margate,51.3813,1.3862,12.17,93,80,4.02,GB,1702228264
340,basco,20.4487,121.9702,26.96,82,19,7.87,PH,1702228264
341,kiffa,16.6166,-11.4045,32.93,10,50,6.87,MR,1702228264
342,zima,53.9202,102.0442,-33.92,100,8,0.87,RU,1702228264
343,lloydminster,53.2835,-110.0016,-6.18,84,20,2.87,CA,1702228264
344,hermanus,-34.4187,19.2345,20.83,60,0,7.53,ZA,1702228151
345,cam pha mines,21.0167,107.3,21.27,95,41,1.31,VN,1702228264
346,lethbridge,49.7,-112.8186,-1.74,69,34,7.28,CA,1702228264
347,tobelo,1.7284,128.0095,26.4,82,98,1.84,ID,1702228264
348,chita,52.0333,113.55,-36.06,68,11,1.0,RU,1702228264
349,provins,48.5833,3.1667,10.76,91,100,9.05,FR,1702228264
350,monrovia,6.3005,-10.7969,31.87,73,69,5.22,LR,1702228265
351,lazaro cardenas,17.9583,-102.2,29.74,49,100,0.57,MX,1702228238
352,ndende,-2.4008,11.3581,24.89,94,97,1.84,GA,1702228265
353,kouvola,60.8667,26.7,-9.87,94,100,5.14,FI,1702228265
354,papao,-17.75,-149.55,27.82,84,87,12.45,PF,1702228147
355,shache,38.4167,77.2406,3.5,35,3,3.51,CN,1702228265
356,rabo de peixe,37.8,-25.5833,17.77,99,75,4.63,PT,1702228265
357,giddings,30.1827,-96.9364,11.22,23,0,7.39,US,1702228265
358,awjilah,29.1081,21.2869,16.58,52,64,2.45,LY,1702228265
359,leongatha,-38.4833,145.95,17.22,94,100,0.59,AU,1702228265
360,onega,63.9061,38.1404,-13.9,92,100,5.9,RU,1702228265
361,crane,31.3974,-102.3501,7.07,33,0,3.8,US,1702228265
362,malakal,9.5334,31.6605,30.29,22,92,2.39,SS,1702228266
363,afif,23.9065,42.9172,19.18,21,100,3.49,SA,1702228266
364,jand,33.4299,72.0193,13.98,28,32,0.41,PK,1702228266
365,lompoc,34.6391,-120.4579,19.32,53,0,3.09,US,1702228252
366,canico,32.6333,-16.85,22.78,90,75,2.06,PT,1702228266
367,alaghsas,17.0187,8.0168,23.32,17,2,7.34,NE,1702228266
368,port hedland,-20.3167,118.5667,28.03,15,1,6.69,AU,1702228266
369,yancheng,33.3856,120.1253,9.44,89,100,5.79,CN,1702228266
370,maumere,-8.6199,122.2111,27.43,76,99,1.47,ID,1702228266
371,mundri,-6.9558,111.71,24.84,92,100,1.31,ID,1702228266
372,banska stiavnica,48.4486,18.91,-0.86,98,100,0.7,SK,1702228266
373,kupang,-10.1667,123.5833,26.73,87,100,1.57,ID,1702228266
374,dawukou,39.0419,106.3958,0.41,37,54,1.63,CN,1702228267
375,cuyo,10.8525,121.0086,27.88,81,100,8.84,PH,1702228267
376,yarmouth,41.7057,-70.2286,17.19,87,75,5.14,US,1702228267
377,aral,40.5156,81.2636,-0.92,45,5,3.2,CN,1702228267
378,butte,39.6499,-121.5677,13.88,77,0,0.0,US,1702228267
379,vidyayevo,69.3191,32.8049,-11.84,86,99,7.58,RU,1702228267
380,saint-francois,46.4154,3.9054,10.69,77,100,2.57,FR,1702228267
381,souillac,-20.5167,57.5167,26.21,78,75,3.6,MU,1702228267
382,gizo,-8.103,156.8419,27.32,76,70,2.77,SB,1702228267
383,pointe aux piments,-20.0628,57.5131,26.4,81,100,7.17,MU,1702228267
384,dunedin,-45.8742,170.5036,8.78,72,51,1.0,NZ,1702228148
385,necochea,-38.5473,-58.7368,23.5,48,2,4.88,AR,1702228267
386,bogale,16.2833,95.4,23.5,81,50,2.77,MM,1702228268
387,neyriz,29.1988,54.3278,11.63,28,11,0.75,IR,1702228268
388,al qutayfah,33.7385,36.6007,9.9,59,99,1.49,SY,1702228268
389,barkhera kalan,28.45,79.8,14.35,33,0,1.16,IN,1702228268
390,vilhena,-12.7406,-60.1458,32.79,40,43,1.48,BR,1702228268
391,la'ie,21.6477,-157.9253,24.14,83,40,2.68,US,1702228268
392,vilyuysk,63.7553,121.6247,-27.9,96,100,3.33,RU,1702228268
393,changshu city,31.6462,120.7422,11.08,93,99,2.25,CN,1702228268
394,najran,17.4924,44.1277,17.36,28,44,2.02,SA,1702228268
395,touros,-5.1989,-35.4608,29.23,56,42,6.36,BR,1702228268
396,beidao,34.5686,105.8933,3.68,85,88,0.82,CN,1702228268
397,pathein,16.7833,94.7333,23.54,78,5,2.92,MM,1702228268
398,holualoa,19.6228,-155.9522,21.59,76,0,1.79,US,1702228269
399,lijiang,26.8688,100.2207,3.78,80,0,2.28,CN,1702228269
400,remire-montjoly,4.9167,-52.2667,32.02,62,75,5.14,GF,1702228269
401,polyarnyy,69.1989,33.4478,-10.79,85,100,8.5,RU,1702228269
402,bafoulabe,13.8065,-10.8321,36.07,6,85,3.38,ML,1702228269
403,megion,61.0296,76.1136,-36.99,97,11,2.84,RU,1702228269
404,kirkwood,38.5834,-90.4068,3.22,66,40,5.14,US,1702228269
405,genhe,50.7833,121.5167,-37.09,100,21,0.89,CN,1702228269
406,tutoia,-2.7619,-42.2744,29.88,64,85,7.44,BR,1702228026
407,winschoten,53.1442,7.0347,8.99,90,100,4.76,NL,1702228269
408,cockburn town,21.4612,-71.1419,27.98,65,40,7.72,TC,1702228177
409,zhelezinka,53.54,75.3072,-26.72,100,92,1.25,KZ,1702228269
410,cabinda,-5.55,12.2,27.54,77,99,4.1,AO,1702228270
411,shrigonda,18.6167,74.6833,22.58,51,33,3.85,IN,1702228270
412,island harbour,50.724,-1.2758,12.18,92,69,4.47,GB,1702228190
413,pasighat,28.0667,95.3333,17.23,82,69,1.27,IN,1702228270
414,utrik,11.2278,169.8474,27.21,76,87,10.83,MH,1702228270
415,nantucket,41.2835,-70.0995,15.08,94,100,7.2,US,1702228270
416,hithadhoo,-0.6,73.0833,28.16,73,88,0.26,MV,1702228270
417,bhuj,23.2667,69.6667,19.81,31,0,1.12,IN,1702228109
418,gerash,27.6652,54.1371,16.41,30,26,2.16,IR,1702228270
419,mpika,-11.8343,31.4529,23.28,51,61,2.41,ZM,1702228270
420,conception bay south,47.4999,-52.9981,3.02,79,17,2.06,CA,1702228270
421,den burg,53.0542,4.7972,9.44,89,75,8.75,NL,1702228270
422,vila velha,-20.3297,-40.2925,26.97,75,75,5.66,BR,1702228259
423,villazon,-22.0866,-65.5942,19.64,39,27,5.78,BO,1702228271
424,kot malik barkhurdar,30.1944,66.993,8.57,29,1,1.69,PK,1702228271
425,lata,40.1629,-8.3327,17.26,89,65,1.49,PT,1702228271
426,labytnangi,66.6572,66.4183,-30.82,100,88,2.56,RU,1702228271
427,the dalles,45.5946,-121.1787,8.46,96,100,1.54,US,1702228271
428,fort st. john,56.2499,-120.8529,-3.83,82,100,2.7,CA,1702228271
429,saldanha,-33.0117,17.9442,18.0,82,16,9.51,ZA,1702228270
430,narimanov,46.6927,47.8498,-4.05,62,100,8.46,RU,1702228271
431,dalandzadgad,43.5708,104.425,-7.81,62,75,0.88,MN,1702228271
432,ryotsu-minato,38.0833,138.4333,7.42,69,100,5.22,JP,1702228271
433,cheremushki,52.8356,91.3944,-25.96,98,71,1.01,RU,1702228271
434,ugoofaaru,5.6667,73.0,28.76,75,86,3.64,MV,1702228272
435,birao,10.2849,22.7882,28.4,19,86,1.67,CF,1702228272
436,timimoun,29.2639,0.231,17.84,28,42,4.12,DZ,1702228161
437,argostolion,38.1811,20.489,13.75,54,75,2.57,GR,1702228272
438,manakara,-22.1333,48.0167,24.74,92,35,2.54,MG,1702228046
439,ishigaki,24.3448,124.1572,24.86,80,93,5.9,JP,1702228272
440,padang,-0.9492,100.3543,27.03,91,98,1.31,ID,1702228272
441,lhasa,29.65,91.1,-0.92,45,8,1.43,CN,1702228272
442,nadi,-17.8,177.4167,21.0,73,40,2.57,FJ,1702228027
443,sheridan,44.8333,-106.9173,2.21,54,0,1.54,US,1702228003
444,kerman,30.2832,57.0788,12.97,20,22,1.1,IR,1702228272
445,rikaze,29.25,88.8833,0.18,39,56,1.04,CN,1702228272
446,whangarei,-35.7317,174.3239,15.36,92,100,1.91,NZ,1702228272
447,yerofey pavlovich,53.9667,121.9667,-31.01,92,11,1.67,RU,1702228273
448,tionk essil,12.7856,-16.5217,35.54,13,100,0.63,SN,1702228245
449,horta,38.5333,-28.6333,18.34,80,40,9.26,PT,1702228273
450,taltal,-25.4,-70.4833,18.91,72,13,2.18,CL,1702228148
451,balykchy,42.4557,76.1861,-1.05,53,100,0.07,KG,1702228273
452,sola,-13.8833,167.55,26.31,79,100,8.5,VU,1702228273
453,al jawf,29.5,38.75,20.93,44,100,5.11,SA,1702228273
454,pisco,-13.7,-76.2167,22.03,73,0,5.66,PE,1702228066
455,tame,6.461,-71.73,29.72,55,96,3.96,CO,1702228273
456,novomichurinsk,54.0384,39.7479,-8.51,95,100,5.5,RU,1702228273
457,bhamo,24.2667,97.2333,16.94,81,0,0.66,MM,1702228273
458,cannonvale,-20.2833,148.7,26.66,76,76,10.9,AU,1702228273
459,bayville,40.9106,-73.5621,14.89,90,100,1.79,US,1702228274
460,armacao de buzios,-22.7469,-41.8817,26.03,71,100,3.68,BR,1702228274
461,dudinka,69.4058,86.1778,-29.07,97,100,5.36,RU,1702228274
462,inarajan village,13.2736,144.7484,27.08,89,50,5.87,GU,1702228274
463,nikolayevsk-on-amure,53.1406,140.73,-19.84,77,100,5.65,RU,1702228274
464,mora,11.0461,14.1401,26.29,18,3,5.83,CM,1702228274
465,acapulco de juarez,16.8634,-99.8901,29.9,66,40,2.06,MX,1702228274
466,kuusamo,65.9667,29.1833,-14.98,85,100,3.6,FI,1702228274
467,lachi,33.3833,71.3386,14.44,30,12,1.59,PK,1702228274
468,kinablangan,7.6947,126.5503,25.45,86,29,1.89,PH,1702228274
469,piton saint-leu,-21.2196,55.3151,24.06,78,62,1.54,RE,1702228274
470,jurbarkas,55.0778,22.7664,-2.91,92,100,4.22,LT,1702228274
471,lapithos,35.3375,33.1792,13.16,65,100,3.41,CY,1702228275
472,skive,56.5667,9.0333,3.42,94,100,3.13,DK,1702228275
473,palikir - national government center,6.9248,158.1611,27.5,70,86,6.18,FM,1702228275
474,sao jose da coroa grande,-8.8978,-35.1478,28.65,58,81,4.62,BR,1702228275
475,matthew town,20.95,-73.6667,27.88,74,42,11.05,BS,1702228275
476,choibalsan,48.0667,114.5,-28.64,91,86,1.24,MN,1702228275
477,jatoba,-9.1831,-38.2689,36.53,22,1,5.38,BR,1702228275
478,samarinda,-0.5,117.15,23.78,98,100,0.45,ID,1702228275
479,mafinga,-7.25,35.0667,25.27,66,100,1.88,TZ,1702228163
480,felege neway,6.3,36.8833,22.14,63,50,1.62,ET,1702228275
481,kovalam,8.3667,76.9967,29.05,79,40,0.0,IN,1702228275
482,prainha,-1.8,-53.48,34.15,43,98,2.02,BR,1702228275
483,puerto aysen,-45.4,-72.7,12.53,99,100,2.42,CL,1702228276
484,bubaque,11.2833,-15.8333,29.4,44,100,2.74,GW,1702228276
485,kasongo-lunda,-6.4667,16.8167,23.57,92,98,0.54,CD,1702228276
486,malanje,-9.5402,16.341,20.39,90,97,1.45,AO,1702228276
487,dom pedrito,-30.9828,-54.6731,24.92,59,2,4.8,BR,1702228065
488,flying fish cove,-10.4217,105.6791,24.82,83,100,4.63,CX,1702228276
489,kavieng,-2.5744,150.7967,27.69,79,100,4.04,PG,1702228276
490,saskatoon,52.1168,-106.6345,-4.11,73,86,2.42,CA,1702228104
491,nova vicosa,-17.8919,-39.3719,28.12,67,36,5.03,BR,1702228276
492,vila do maio,15.1333,-23.2167,30.44,74,97,5.71,CV,1702228276
493,tamanrasset,22.785,5.5228,21.95,18,0,1.03,DZ,1702228277
494,nova sintra,14.8667,-24.7167,23.34,72,83,4.59,CV,1702228277
495,ulanhot,46.0833,122.0833,-20.55,73,46,1.69,CN,1702228277
496,russkaya polyana,49.417,31.9201,0.77,98,100,3.06,UA,1702228277
497,pordic,48.5705,-2.8178,13.19,86,20,7.2,FR,1702228277
498,arawa,-6.2132,155.5367,25.17,91,99,0.35,PG,1702228218
499,petropavlovsk-kamchatsky,53.0452,158.6483,0.25,95,100,6.71,RU,1702228275
500,amga,60.8953,131.9608,-27.93,91,100,4.01,RU,1702228277
501,tomatlan,19.9333,-105.25,31.46,33,85,0.18,MX,1702228277
502,karis,60.0718,23.6616,-1.88,82,100,3.32,FI,1702228277
503,sunbury,-37.5833,144.7333,17.42,96,75,3.09,AU,1702228277
504,riosucio,5.4216,-75.7032,23.34,60,61,0.37,CO,1702228278
505,sorong,-0.8833,131.25,27.39,81,100,2.76,ID,1702228278
506,lodwar,3.1191,35.5973,32.2,34,74,5.57,KE,1702228278
507,matelandia,-25.2408,-53.9964,20.77,95,100,3.15,BR,1702228278
508,eyl,7.9803,49.8164,26.02,80,40,9.43,SO,1702228278
509,igrim,63.1906,64.4162,-35.78,100,12,0.52,RU,1702228279
510,chiniot,31.72,72.9789,15.17,25,40,1.45,PK,1702228279
511,kununurra,-15.7667,128.7333,27.99,74,100,7.72,AU,1702228279
512,mahalapye,-23.1041,26.8142,19.79,74,100,1.06,BW,1702228279
513,urzhar,47.093,81.6294,-8.96,67,96,2.46,KZ,1702228279
514,ati,13.2154,18.3353,25.48,13,9,4.73,TD,1702228279
515,lagoa,39.05,-27.9833,16.89,80,100,10.35,PT,1702228280
516,moengo,5.6167,-54.4,31.33,56,49,2.97,SR,1702228280
517,suhut,38.5311,30.5458,6.16,72,98,2.05,TR,1702228280
518,ascension,30.2169,-90.9001,14.55,55,0,7.2,US,1702228280
519,labrador city,52.9463,-66.9114,-2.05,93,100,6.17,CA,1702228281
520,mo i rana,66.3128,14.1428,-2.74,54,75,5.66,NO,1702228282
521,westport,41.1415,-73.3579,14.7,93,100,2.06,US,1702228268
522,rundu,-17.9333,19.7667,29.57,22,92,0.43,NA,1702228283
523,lobujya,27.95,86.8167,-12.86,23,10,1.05,NP,1702228283
524,mandiana,10.6333,-8.6833,34.18,11,94,2.09,GN,1702228283
525,petawawa,45.9001,-77.3328,4.32,86,100,0.45,CA,1702228284
526,taulaga,-11.0553,-171.0883,25.11,92,100,9.69,AS,1702228285
527,boysun,38.2061,67.1986,5.92,38,100,3.09,UZ,1702228286
528,perbaungan,3.5679,98.956,26.06,92,100,1.84,ID,1702228286
529,codrington,-38.2667,141.9667,14.91,89,100,7.99,AU,1702228287
530,miranda,3.2499,-76.2281,29.07,68,86,1.43,CO,1702228287
531,calvinia,-31.4707,19.776,23.67,17,3,8.02,ZA,1702228287
532,riachao,-7.3619,-46.6172,26.05,77,71,1.82,BR,1702228287
533,coahuayana de hidalgo,18.7,-103.6583,31.24,43,98,0.46,MX,1702228287
534,cambria,35.5641,-121.0808,15.34,39,83,0.89,US,1702228287
535,haimen,23.1935,116.6142,21.03,85,100,1.39,CN,1702228288
536,gargalianoi,37.0667,21.6333,10.75,63,99,2.49,GR,1702228288
537,alvear,-29.0968,-56.5504,28.46,51,6,5.18,AR,1702228289
538,queenstown,-31.8976,26.8753,11.48,89,100,3.14,ZA,1702228290
539,bressanone,46.715,11.656,3.6,89,37,1.1,IT,1702228290
540,dryden,49.7833,-92.7503,-8.39,81,75,2.05,CA,1702228290
541,homer,59.6425,-151.5483,-1.06,64,100,6.17,US,1702228290
542,nizhnesortymskiy,62.4397,71.7603,-36.53,100,7,2.64,RU,1702228291
543,kristiansund,63.1115,7.732,1.36,69,0,1.54,NO,1702228291
544,winneba,5.3511,-0.6231,28.3,76,71,5.21,GH,1702228291
545,siwa oasis,29.2041,25.5195,17.87,37,6,2.63,EG,1702228291
546,porsa,26.67,78.3747,16.29,36,8,1.35,IN,1702228291
547,ocotal,13.6321,-86.4752,25.34,70,92,3.17,NI,1702228292
548,shingu,33.7333,135.9833,12.31,74,79,2.18,JP,1702228292
549,miass,55.045,60.1083,-22.0,99,99,0.89,RU,1702228292
550,brisas de zicatela,15.8369,-97.0419,30.29,58,0,3.09,MX,1702228173
551,kilju,40.9642,129.3278,-1.85,94,100,0.68,KP,1702228293
552,takoradi,4.8845,-1.7554,28.47,73,77,4.58,GH,1702228293
553,letlhakeng,-24.0944,25.0298,20.64,76,100,2.85,BW,1702228293
554,redencao,-4.2258,-38.7306,32.76,42,94,4.01,BR,1702228293
555,salinopolis,-0.6136,-47.3561,29.09,69,76,5.49,BR,1702228150
556,soavinandriana,-19.1667,46.7333,17.12,89,86,1.86,MG,1702228294
557,sen monorom,12.45,107.2,19.61,84,41,0.99,KH,1702228294
558,torredembarra,41.1451,1.3986,16.54,92,0,1.54,ES,1702228294
559,minjur,13.2667,80.2667,27.01,82,10,4.21,IN,1702228294
560,szolnok,47.1833,20.2,1.18,94,75,1.03,HU,1702228294
561,carbonear,47.7332,-53.2148,3.41,78,12,1.6,CA,1702228294
562,taroa,8.7058,171.2275,27.24,81,65,9.56,MH,1702228295
563,arteche,12.2645,125.4048,26.42,85,89,3.64,PH,1702228295
564,angaur state,6.906,134.13,28.55,79,89,6.52,PW,1702228295
565,midland,31.9974,-102.0779,8.92,31,0,4.63,US,1702228295
566,kosh-agach,50.0,88.6667,-28.16,90,56,0.89,RU,1702228295
567,hadibu,12.65,54.0333,25.06,71,14,5.79,YE,1702228295
568,kalymnos,36.95,26.9833,15.74,63,40,1.54,GR,1702228296
569,puerto deseado,-47.7503,-65.8938,15.32,59,95,9.18,AR,1702228296
570,amursk,50.2261,136.8994,-21.68,80,98,7.3,RU,1702228296
571,happy valley-goose bay,53.3168,-60.3315,-1.21,72,84,3.35,CA,1702228296
572,pelabuhanratu,-6.9875,106.5514,25.44,88,94,1.12,ID,1702228296
573,placido de castro,-10.3353,-67.1856,33.04,50,59,0.91,BR,1702228297
574,faya-largeau,17.9257,19.1043,24.51,16,98,3.77,TD,1702228297
575,ternate,0.8,127.4,27.05,82,100,2.47,ID,1702228298
576,yutan,28.25,112.55,7.78,85,97,6.56,CN,1702228298
577,opuwo,-18.0607,13.84,28.68,24,2,7.02,NA,1702228298
578,tabou,4.423,-7.3528,28.46,72,95,4.08,CI,1702228298
579,haiku-pauwela,20.9219,-156.3051,24.47,80,20,3.58,US,1702228185
580,al khafji,28.4391,48.4913,22.18,42,54,2.1,SA,1702228298
581,cambuga,13.6167,122.45,23.88,94,87,1.91,PH,1702228298
582,seguela,7.9611,-6.6731,33.21,17,56,1.67,CI,1702228298
583,la passe,45.5549,-0.8967,15.13,96,100,8.87,FR,1702228138
584,vila franca do campo,37.7167,-25.4333,18.27,99,100,5.59,PT,1702228227
585,boryeong,36.3493,126.5977,10.98,84,100,3.64,KR,1702228298
586,port lincoln,-34.7333,135.8667,15.72,94,100,11.52,AU,1702228195
587,ewo,-0.8725,14.8206,26.24,80,99,0.96,CG,1702228296
588,san ignacio rio muerto,27.4167,-110.2333,18.29,16,0,2.77,MX,1702228299
589,sanchursk,56.9413,47.2499,-22.68,92,100,4.1,RU,1702228299
590,inhambane,-23.865,35.3833,26.86,86,9,5.55,MZ,1702228299
591,canutama,-6.5339,-64.3831,36.81,39,95,1.47,BR,1702228299
592,itamaraca,-7.7478,-34.8256,30.03,58,64,4.84,BR,1702228289
